data,temp_media_C,umidade_media_%,vento_2m_ms,radiacao_MJ_m2,ET0_mm_dia,ETc_alface_mm_dia,ETc_tomate_mm_dia,ETc_couve_mm_dia
2026-09-29,22.8,89.5,6.3,21.08,4.798902798836797,4.32,5.04,4.56
2026-09-30,24.1,87.0,5.2,18.73,4.880832511979006,4.39,5.12,4.64
2026-10-01,19.8,97.5,6.6,5.58,1.1165134941065027,1.0,1.17,1.06
2026-10-02,18.0,92.6,8.2,5.83,1.4813202057824026,1.33,1.56,1.41
2026-10-03,20.1,85.5,6.21,8.97,2.730559905168044,2.46,2.87,2.59
2026-10-04,23.1,87.0,3.15,17.22,4.635478945732509,4.17,4.87,4.4
2026-10-05,19.8,92.6,6.44,8.61,2.0418607004703677,1.84,2.14,1.94
2026-10-06,20.3,93.6,4.54,13.67,3.0216989213972987,2.72,3.17,2.87
2026-10-07,20.3,91.6,6.44,7.71,2.015412599384489,1.81,2.12,1.91
